0,1,2,3,6,7,9,26,36,44,85,106,203,228,231,233,275,282,315,325,368,374,422,447,499,573,670,680,838,892,946,1149,1238,1715,1758
1,0,2,5,139,158,214,335,347,359,586,625,647,976,1088,1287,1348,1394,1445
2,0,1,4,88,145,254,581,882,917,1009,1056,1690
3,0,28,82,97,140,256,270,292,396,402,411,503,631,707,756,773,805,859,967,969,1025,1058,1076,1155,1198,1337,1402,1728,1799,1954,1959
4,2,21,83,307,312,377,800,1457,1568,1596,1875
5,1,8,22,27,54,55,99,137,156,186,227,260,273,279,344,373,521,566,584,691,696,703,726,846,1320,1339,1721
6,0,12,42,86,108,141,196,234,862,1096,1267,1440,1484,1584,1871
7,0,15,16,19,24,49,74,80,98,100,109,130,190,217,308,311,380,478,483,618,626,855,1356
8,5,10,34,57,120,179,369,412,492,567,646,733,1205,1509
9,0,11,14,30,37,113,172,392,815,1172
10,8,18,31,45,317,464,695,772,1430,1551,1684,1834,1869
11,9,13,81,127,440,704,1471,1748
12,6,17,50,70,111,192,287,349,430,516,949,984,1252,1447,1622
13,11,76,386,717,787,964,1108,1111,1114,1300,1659,1706
14,9,43,53,181,598,604,667,764,766,943,1163,1221,1534,1630,1776
15,7,39,62,92,183,327,487,494,713,937,979,1393,1696,1904
16,7,20,59,191,269,424,505,525,536,1119,1135,1421
17,12,25,40,60,132,136,173,177,299,333,593,732,810,841,1372,1863
18,10,230,253,258,297,314,321,510,797,1028,1249,1478,1615,1935
19,7,32,48,84,193,242,255,264,291,394,514,582,591,760,1074,1100,1710
20,16,66,161,187,204,248,381,488,629,783,895,962,1305,1311,1334,1407,1687,1795
21,4,23,96,126,376,498,1469,1643
22,5,52,58,148,170,188,304,334,602,644,922,973,1050,1179,1229,1264,1720,1838
23,21,38,56,875,887,950,1080,1214,1242,1433,1468,1555,1634,1755
24,7,33,116,168,178,263,336,433,603,765,1053,1268,1310,1321,1479,1713,1993
25,17,35,160,171,605,722,819,1280,1444,1542
26,0,41,164,176,215,361,597,714,718,734,768,863,929,1961
27,5,29,77,112,195,886,1490,1655,1665
28,3,90,221,232,352,455,495,709,792,942
29,27,102,916,1244,1366,1552,1724,1994
30,9,205,439,454,506,720,1466,1505
31,10,144,408,453,1116,1188,1327,1419,1907
32,19,75,79,166,261,363,1093,1263,1414,1670
33,24,124,163,371,449,548,1113,1117,1896
34,8,225,970,1015,1333
35,25,47,104,105,296,565,677,1107,1309,1637,1814
36,0,237,786,980,1089
37,9,61,210,294,353,379,665,740,997,1082,1751,1937
38,23,515,785,869,903,990,1208,1701
39,15,46,51,324,357,1510,1779,1787
40,17,244,723,1887
41,26,146,517,589,757,1020,1087,1840
42,6,252,459,856,1661,1827,1924,1987
43,14,157,212,331,462,1786
44,0,155,355,370,524,663,824,1115,1161,1316,1859,1955,1970
45,10,300,958
46,39,206,245,277,456,471,507,1705,1839
47,35,162,416,710,1791
48,19,64,128,223,281,1204
49,7,159,730,1289,1928
50,12,226,570,1012,1566
51,39,305,443,872,1377
52,22,293,547,906,998,1496
53,14,197,418,557,1355
54,5,65,876,1920
55,5,110,627,1350
56,23,681,684,1269,1425,1459,1493,1530,1556,1794
57,8,69,103,1191,1241,1573
58,22,114,122,621,893,902,968,974,993,1044,1265,1865
59,16,152,241,338,446,1032,1158,1262,1946
60,17,131,365,485,512,563,580,754,889,918,989,1374,1580
61,37,63,530,543,578,888,1192,1364,1470,1689,1733
62,15,101,165,436,466,484,648
63,61,71,115,138,189,700,921,1030,1212,1547
64,48,78,143,345,432
65,54,67,73,129,391,531,736,923,1006,1945
66,20,68,988
67,65,201,429,451,808,897,1041,1434,1492,1942
68,66,790,1029
69,57,72,169,207,284
70,12,125,511,687,900,1346
71,63,1910
72,69,135,438,461,489,490,561,755,1382,1712,1903
73,65,728,926
74,7,150,224,328,397,405,1481,1583
75,32,845,865,1246,1671
76,13,175,194,265,702,1235
77,27,385,945,971,1227,1575
78,64,95,354,1105
79,32,844,1075,1331
80,7,134
81,11,744,883,1033,1442,1581,1819
82,3
83,4,93,180,288,401,458,549,1451
84,19,1126,1632
85,0,87,91,147,721,1853
86,6,640,795,1054,1856
87,85,89,628,650,1304
88,2,94,592,1014,1046,1338,1577
89,87,387,415,419,526
90,28,337,358,1160,1885
91,85,118,316,689,1475,1569,1988
92,15,220,649,1404,1753
93,83,117,174,1539,1605
94,88,208,250,403,789,1612,1639,1672,1810
95,78,107,579,932
96,21,389,393,575,995,1501,1626
97,3,502,977,1462,1793
98,7,742
99,5,375,639,1744,1892
100,7
101,62,121,332,364,1138,1170,1441
102,29,216,1071
103,57,119,153
104,35,1330
105,35
106,0,914,956,1083
107,95,1656
108,6,562
109,7
110,55,1077,1104,1121,1983
111,12,1594,1739,1888
112,27,213,522,712
113,9,469,1233,1259,1273,1318,1325
114,58,500,1371
115,63,123,280,1835
116,24,184
117,93,930,1491,1574
118,91,1831
119,103,211,832,1592
120,8,1279
121,101,470,941,1909
122,58,617
123,115,249,596,634,1893
124,33,428,635,1154,1248
125,70,378,1090,1452,1576
126,21,229
127,11,457,481,657,694,711,1237,1762
128,48,366
129,65,202,330,388,441,802,1167
130,7
131,60,133,341
132,17,479
133,131
134,80,747
135,72,519,1454
136,17,545,763,924
137,5,238,1477
138,63,420
139,1,151,890
140,3,142,306
141,6,149,690,1284,1977
142,140,482
143,64,285
144,31
145,2,198,588,1503,1852
146,41,1004
147,85,753,1036
148,22,468,672,1644,1669
149,141,1947
150,74,342,583,1240,1383
151,139,262,343,1072
152,59,154,251,1614
153,103,915,1177
154,152,313,417,1127,1375,1409,1527
155,44,222,1073
156,5,622,905,972,1508
157,43,537,1401,1416
158,1,290,541,552,556,775,1599,1925
159,49,609,620,1649
160,25,271,434,508,1266
161,20,390,409,1277
162,47,383
163,33,199,200,289,340,362,423,781,1435
164,26,382
165,62,167,777,813,839,951,1067,1729,1843
166,32,1660
167,165,367,594,601,1373
168,24,534,1137,1292,1585
169,69,209,1913
170,22,351,360,616,676,1141,1650
171,25,218,645,1299,1872
172,9,236
173,17,538,606,1676,1886
174,93
175,76,286,493,632,957
176,26
177,17,185,614
178,24
179,8,182,1228,1324
180,83,414,1021,1142,1486
181,14,1901
182,179,309
183,15
184,116,587,1008,1936
185,177,1768
186,5,425,745
187,20,868
188,22,758,1607,1824
189,63,853,1850
190,7
191,16
192,12,272,1930
193,19,520
194,76,1417
195,27,267
196,6,874,1360
197,53,699,729,954
198,145,652
199,163,329,568,655
200,163,1429
201,67,283,476,1294,1847,1906,1926
202,129
203,0,219,788,1588
204,20
205,30,323,1243,1483
206,46
207,69,266,611,746,867,1011,1047,1674
208,94
209,169,240,302,318,346,992,1045
210,37,569,1173
211,119,235
212,43,301,1038
213,112,274,643
214,1,243
215,26,348,477,1467
216,102,590
217,7,442,661
218,171,257,1700,1807
219,203,636
220,92,431
221,28
222,155,642
223,48,835
224,74,295,1306,1999
225,34,651,1620,1781,1891,1900
226,50,421,798
227,5,247,613
228,0
229,126,572,1932
230,18
231,0,435,811,1538,1837
232,28
233,0,686,743,816
234,6
235,211,406
236,172,1136,1143
237,36,239,491,1982
238,137
239,237
240,209,1231
241,59,727
242,19,1150
243,214,1197,1271
244,40,246
245,46,310,546
246,244,1572
247,227,268,276,877
248,20,427,480,1757
249,123
250,94,911
251,152,748,1084
252,42,1692
253,18,725,837,878
254,2,1202
255,19,298,679,821
256,3,1254
257,218,259
258,18,955,1688
259,257
260,5,399,465,612,1482,1657
261,32,1013
262,151,320,1147
263,24,278,666,1666
264,19,860
265,76,529,555,1215,1867
266,207
267,195,450,1365
268,247,1488
269,16,1621
270,3,1016
271,160,931,1461
272,192
273,5,350,1714
274,213
275,0,1336
276,247
277,46,501,1495
278,263,1443
279,5
280,115,623
281,48,638
282,0,486,1335
283,201,894,899,1124
284,69,771
285,143,303
286,175,750,1980
287,12,1145,1181,1297
288,83,551,1257,1722
289,163,576
290,158,1532
291,19,437,1929
292,3,1307
293,52
294,37
295,224
296,35,426
297,18
298,255,1648,1989
299,17,542,881,1860
300,45,322,558,850
301,212,527
302,209,319
303,285
304,22,1151
305,51
306,140,504
307,4,398
308,7,1516
309,182,682
310,245,1902
311,7,1854
312,4
313,154,1140
314,18,1367
315,0,1915
316,91,497,940,1890
317,10
318,209,799
319,302,395,1281,1420
320,262,770,1741
321,18,339,356,809
322,300,326,1092,1396
323,205
324,39,1817
325,0,1424,1866
326,322,1390
327,15,1340,1474,1553
328,74,1176,1880
329,199,1326
330,129,803,1460
331,43,532,1940
332,101,400
333,17,372,1563
334,22,1846
335,1,407,1412,1770
336,24,779,847
337,90,445,898
338,59,1239,1561
339,321
340,163,1472
341,131
342,150,656
343,151
344,5,1406
345,64,1828
346,209
347,1,653,1148,1328
348,215,731,1918
349,12,535,767
350,273,761,935,1159
351,170
352,28,1144
353,37,600,1884
354,78,994
355,44,384,683,1146,1308
356,321,473,1196,1870
357,39,654,812,1719
358,90,1531
359,1,564
360,170
361,26,1389,1502
362,163
363,32,413,842,920,1693
364,101,919,1098,1400
365,60,528,1437
366,128,678,796,1078
367,167,404,1858
368,0,630,671,1322
369,8,1631
370,44,1727
371,33
372,333
373,5
374,0,1497
375,99,1593
376,21,1129,1697
377,4,1039
378,125,554,913
379,37,475
380,7,410,1767
381,20
382,164,1601
383,162,1783
384,355,1855
385,77,1628
386,13,472,1388,1536
387,89
388,129,641,1586
389,96,774,1514,1941
390,161,861,934,1222
391,65,873,1349
392,9
393,96,778,960,1782
394,19
395,319,599,1118,1226
396,3,801,1571
397,74,463,1182
398,307,769,1611
399,260,1112,1645
400,332,1554
401,83,791,1063
402,3,513,1010
403,94,1042
404,367,452,866,1635
405,74
406,235
407,335,559
408,31,1153,1582
409,161
410,380
411,3
412,8
413,363,624
414,180
415,89,1967
416,47,780
417,154
418,53,533
419,89
420,138,1456
421,226
422,0,719,1120,1436
423,163,1027,1487,1778
424,16,698
425,186,784,848,1473
426,296,692
427,248,752
428,124,820,1682
429,67
430,12,474,724,901
431,220,1285
432,64,814
433,24,825,909,981,1051,1685
434,160,823,1247,1363,1766
435,231,804
436,62,518,574,619,933
437,291,1230
438,72,523,560
439,30
440,11,1079,1939
441,129
442,217,444
443,51
444,442
445,337,460
446,59,448
447,0,1691
448,446
449,33,615
450,267,1157
451,67
452,404,908,1723
453,31
454,30,496,659,1386
455,28
456,46,1398,1825
457,127
458,83,467,1085
459,42,668
460,445
461,72
462,43,1882
463,397,807,1773
464,10,834,1002
465,260,669
466,62
467,458,1095,1399,1754
468,148,1164
469,113,1653
470,121,1094
471,46,660,1040
472,386
473,356
474,430
475,379,1081,1642,1969
476,201,1218,1914
477,215,1450
478,7,544,864,885,952,1175
479,132,1018,1086
480,248,539,540,833,1007
481,127,637
482,142,1633
483,7,1178
484,62,1060,1392
485,60
486,282,1293
487,15,793,806,1836
488,20,1499
489,72,735,1055
490,72
491,237,1567
492,8
493,175,1315,1560
494,15,1695
495,28,1282
496,454,1260
497,316,871
498,21
499,0,910
500,114
501,277,571
502,97
503,3,1446
504,306,1201
505,16,830
506,30,607,1602,1740
507,46,509
508,160,1513
509,507,870,1624
510,18,975
511,70,1877
512,60,1570
513,402,610
514,19,1035
515,38
516,12,1790
517,41
518,436
519,135,715
520,193
521,5,1673
522,112
523,438,1005,1418
524,44
525,16,1541
526,89
527,301
528,365,749
529,265
530,61
531,65,1763
532,331
533,418
534,168,1675
535,349,553,685
536,16,1123,1546,1991
537,157
538,173,585
539,480,1862
540,480,688
541,158,550,1290,1464,1774
542,299
543,61,817
544,478
545,136,662
546,245,693,1169
547,52
548,33,1423
549,83,1034
550,541,1303,1522
551,288,1521
552,158,1106
553,535,854
554,378,782
555,265
556,158,708,1019,1533,1558,1725,1818
557,53
558,300,664,827,1518
559,407
560,438,577,1984
561,72,1203,1822
562,108,1037,1342,1347
563,60,1199
564,359,738,1726
565,35,907
566,5
567,8,1003,1091
568,199
569,210,1184
570,50
571,501,706
572,229,1024
573,0,1026,1845
574,436,985
575,96,996
576,289
577,560
578,61,1544,1966
579,95
580,60,1663
581,2
582,19,1031
583,150
584,5,983,1604,1995
585,538
586,1,674
587,184
588,145
589,41,1298,1341
590,216
591,19,1403
592,88
593,17,595,1378
594,167
595,593,1133,1411
596,123,1785
597,26
598,14,1919
599,395
600,353
601,167
602,22,1771
603,24
604,14,1253,1291,1422
605,25
606,173,608
607,506
608,606,1618
609,159
610,513,1185,1962
611,207,925
612,260
613,227,1329
614,177
615,449
616,170
617,122
618,7,762,1647
619,436,1286
620,159,1023,1064,1102
621,58,1049
622,156,658,843,1295,1579
623,280,737
624,413,1216
625,1
626,7,776,1302
627,55,1387
628,87,675,1125,1255,1428
629,20
630,368,1220
631,3,633
632,175,701
633,631
634,123
635,124
636,219
637,481,1206
638,281,818,1646
639,99,1415
640,86,1595
641,388,851,1764
642,222,751,1494
643,213,705,1760
644,22
645,171,1352
646,8
647,1
648,62,1110
649,92,794
650,87
651,225,849
652,198,1232,1619
653,347,1832
654,357,884
655,199,1597
656,342
657,127,1189
658,622,1948
659,454
660,471,1743
661,217,1223,1506
662,545,1617
663,44,852,1183,1526
664,558
665,37,759
666,263
667,14,1186
668,459
669,465,697
670,0,826
671,368,673
672,148
673,671
674,586,1844,1881
675,628,716
676,170,828
677,35,1152,1485,1857
678,366
679,255,741,947,1455
680,0
681,56,840
682,309
683,355
684,56,1529
685,535
686,233
687,70
688,540,1934
689,91
690,141
691,5
692,426
693,546,1065
694,127
695,10
696,5
697,669,1314
698,424,857,1921
699,197,928
700,63,739
701,632
702,76,939
703,5,1849
704,11
705,643,1274
706,571
707,3
708,556
709,28
710,47
711,127
712,112
713,15
714,26,1537
715,519
716,675
717,13
718,26
719,422,1052,1511,1944
720,30
721,85,880
722,25,822
723,40
724,430
725,253
726,5,858
727,241
728,73,1017
729,197
730,49
731,348
732,17,1245,1384,1732
733,8,982
734,26,1376
735,489
736,65
737,623
738,564,1823
739,700
740,37
741,679
742,98
743,233
744,81,1193
745,186,1351
746,207
747,134,831
748,251,1062
749,528
750,286,1515
751,642
752,427,1590
753,147
754,60
755,72
756,3,1742
757,41
758,188
759,665
760,19,1296
761,350
762,618,999
763,136,1048
764,14
765,24
766,14,1427
767,349
768,26
769,398,1134
770,320
771,284,1589
772,10
773,3
774,389
775,158,1528
776,626
777,165,1432
778,393
779,336,1288
780,416,896,1439
781,163,1251
782,554
783,20
784,425,879
785,38,1549
786,36
787,13,829
788,203
789,94
790,68
791,401
792,28
793,487
794,649
795,86
796,366,1059
797,18
798,226
799,318
800,4
801,396
802,129
803,330,1000
804,435,1805,1998
805,3,1187
806,487,891,1171
807,463
808,67,1897,1990
809,321
810,17
811,231
812,357,1694,1874
813,165,1343
814,432
815,9,1099
816,233
817,543,1587
818,638,953
819,25
820,428
821,255,1780
822,722
823,434,1301
824,44
825,433
826,670
827,558
828,676
829,787
830,505
831,747,1802,1812
832,119,1756
833,480,1200
834,464,836
835,223,1933
836,834
837,253,1250
838,0
839,165
840,681,1207
841,17
842,363
843,622,1195
844,79
845,75
846,5,965
847,336
848,425
849,651,1358
850,300
851,641,927
852,663
853,189
854,553
855,7,1523,1746
856,42,1405
857,698
858,726
859,3,1878
860,264
861,390
862,6,1043
863,26
864,478
865,75
866,404
867,207
868,187,1385
869,38
870,509,1397
871,497
872,51
873,391,1068
874,196
875,23,1132
876,54
877,247
878,253,1122
879,784
880,721,1613
881,299
882,2,1391
883,81
884,654,1905
885,478
886,27
887,23
888,61,986,1317,1512
889,60
890,139,904
891,806,1798
892,0,1736
893,58,1069
894,283
895,20,1876
896,780,1453
897,67
898,337,1344
899,283
900,70
901,430
902,58
903,38
904,890,1775,1826
905,156,1965
906,52
907,565,1168
908,452,1480,1638
909,433
910,499,912
911,250
912,910
913,378
914,106
915,153
916,29
917,2,1131,1707
918,60
919,364,961
920,363
921,63,1210
922,22,991,1219,1683,1813
923,65
924,136,944,1711
925,611,1225
926,73,938,1640
927,851,1379
928,699,936,966
929,26
930,117
931,271
932,95
933,436
934,390
935,350,1851
936,928
937,15,1190
938,926
939,702,1097
940,316
941,121
942,28
943,14
944,924
945,77
946,0,948
947,679,1070,1550
948,946,1651
949,12
950,23,1370
951,165
952,478
953,818
954,197
955,258,987,1636
956,106,1801
957,175,959
958,45,1664
959,957,1130
960,393
961,919,963
962,20
963,961
964,13
965,846,1662
966,928
967,3
968,58,1964
969,3
970,34,1261
971,77
972,156
973,22
974,58,1180
975,510
976,1,978,1128
977,97,1829
978,976
979,15
980,36
981,433,1001
982,733
983,584
984,12
985,574
986,888,1545
987,955
988,66
989,60
990,38
991,922
992,209
993,58,1606
994,354
995,96
996,575,1275,1734
997,37,1806
998,52
999,762,1752
1000,803
1001,981
1002,464
1003,567
1004,146
1005,523
1006,65
1007,480,1821
1008,184,1061,1194,1381
1009,2
1010,402
1011,207
1012,50
1013,261,1057
1014,88
1015,34
1016,270
1017,728,1165
1018,479
1019,556
1020,41,1022
1021,180
1022,1020
1023,620
1024,572
1025,3,1162,1465
1026,573
1027,423
1028,18
1029,68,1686
1030,63,1745
1031,582,1332,1654,1759
1032,59
1033,81
1034,549
1035,514
1036,147
1037,562,1174
1038,212
1039,377,1323
1040,471
1041,67,1848
1042,403
1043,862
1044,58,1737
1045,209,1211
1046,88,1319
1047,207
1048,763,1345
1049,621,1548
1050,22,1591
1051,433
1052,719
1053,24,1677
1054,86
1055,489,1565
1056,2
1057,1013,1448
1058,3
1059,796,1066
1060,484
1061,1008,1101
1062,748
1063,401,1833,1923
1064,620
1065,693
1066,1059
1067,165
1068,873
1069,893
1070,947
1071,102
1072,151
1073,155
1074,19
1075,79,1139
1076,3
1077,110
1078,366
1079,440
1080,23
1081,475,1609
1082,37
1083,106,1911
1084,251
1085,458
1086,479,1213
1087,41
1088,1
1089,36
1090,125,1678
1091,567
1092,322,1476,1610
1093,32
1094,470
1095,467,1717
1096,6,1972
1097,939,1681,1789
1098,364
1099,815,1540,1578
1100,19
1101,1061,1103,1730
1102,620,1895
1103,1101,1957
1104,110,1410,1703
1105,78,1986
1106,552,1380,1562,1668,1796
1107,35,1109
1108,13,1234,1276,1784
1109,1107
1110,648,1600,1974
1111,13
1112,399
1113,33
1114,13
1115,44
1116,31,1458,1629
1117,33
1118,395
1119,16,1217
1120,422,1960
1121,110
1122,878
1123,536,1811
1124,283
1125,628
1126,84
1127,154
1128,976
1129,376
1130,959
1131,917
1132,875
1133,595,1731
1134,769
1135,16,1623
1136,236
1137,168
1138,101
1139,1075
1140,313
1141,170
1142,180
1143,236,1354
1144,352
1145,287
1146,355
1147,262,1357
1148,347
1149,0,1278
1150,242
1151,304,1908
1152,677,1598,1883
1153,408
1154,124,1156
1155,3
1156,1154
1157,450
1158,59
1159,350
1160,90,1564
1161,44
1162,1025,1258
1163,14
1164,468,1166
1165,1017
1166,1164
1167,129,1395
1168,907
1169,546,1236
1170,101
1171,806,1777,1971
1172,9
1173,210,1747
1174,1037
1175,478,1950
1176,328
1177,153
1178,483
1179,22
1180,974
1181,287
1182,397
1183,663
1184,569
1185,610
1186,667
1187,805
1188,31
1189,657
1190,937
1191,57
1192,61
1193,744,1978
1194,1008
1195,843,1652
1196,356
1197,243,1313
1198,3
1199,563
1200,833
1201,504
1202,254,1353
1203,561
1204,48
1205,8
1206,637
1207,840,1209,1917
1208,38
1209,1207
1210,921
1211,1045
1212,63
1213,1086
1214,23
1215,265
1216,624
1217,1119
1218,476,1431
1219,922
1220,630,1224,1283,1951
1221,14
1222,390,1788
1223,661
1224,1220
1225,925,1868
1226,395
1227,77
1228,179,1270,1535
1229,22
1230,437
1231,240,1489
1232,652
1233,113
1234,1108
1235,76
1236,1169
1237,127,1943
1238,0
1239,338,1256
1240,150,1735
1241,57
1242,23
1243,205
1244,29
1245,732
1246,75,1879
1247,434
1248,124,1359
1249,18
1250,837
1251,781
1252,12
1253,604,1449,1500
1254,256
1255,628
1256,1239,1272
1257,288
1258,1162
1259,113
1260,496,1927
1261,970
1262,59
1263,32,1369
1264,22,1973
1265,58
1266,160
1267,6
1268,24
1269,56,1524
1270,1228,1413
1271,243
1272,1256
1273,113
1274,705
1275,996
1276,1108,1312
1277,161
1278,1149
1279,120
1280,25
1281,319
1282,495
1283,1220
1284,141
1285,431
1286,619,1809
1287,1
1288,779
1289,49
1290,541
1291,604
1292,168
1293,486
1294,201,1543
1295,622
1296,760
1297,287
1298,589,1625
1299,171
1300,13
1301,823,1702
1302,626
1303,550
1304,87
1305,20
1306,224,1864
1307,292,1517
1308,355
1309,35,1899
1310,24
1311,20
1312,1276
1313,1197
1314,697
1315,493
1316,44
1317,888
1318,113
1319,1046
1320,5,1608
1321,24
1322,368
1323,1039
1324,179
1325,113
1326,329
1327,31
1328,347,1559
1329,613
1330,104
1331,79,1361,1603
1332,1031
1333,34
1334,20,1816
1335,282
1336,275
1337,3
1338,88
1339,5
1340,327
1341,589,1498
1342,562
1343,813,1916
1344,898,1976
1345,1048
1346,70
1347,562
1348,1
1349,391
1350,55
1351,745
1352,645,1368
1353,1202
1354,1143
1355,53
1356,7
1357,1147
1358,849
1359,1248
1360,196,1362
1361,1331,1463
1362,1360
1363,434
1364,61
1365,267,1842
1366,29,1804
1367,314,1525
1368,1352
1369,1263,1426,1680
1370,950
1371,114
1372,17
1373,167
1374,60
1375,154
1376,734
1377,51
1378,593
1379,927,1873
1380,1106
1381,1008
1382,72
1383,150
1384,732
1385,868
1386,454
1387,627,1718
1388,386,1519
1389,361
1390,326
1391,882
1392,484
1393,15,1738
1394,1
1395,1167
1396,322
1397,870
1398,456
1399,467
1400,364
1401,157,1800
1402,3
1403,591
1404,92
1405,856
1406,344,1408
1407,20
1408,1406
1409,154
1410,1104
1411,595
1412,335
1413,1270
1414,32
1415,639
1416,157
1417,194
1418,523
1419,31
1420,319
1421,16
1422,604
1423,548
1424,325
1425,56,1749
1426,1369,1520
1427,766
1428,628,1438
1429,200
1430,10,1750
1431,1218
1432,777
1433,23
1434,67
1435,163,1641
1436,422
1437,365
1438,1428
1439,780
1440,6
1441,101
1442,81
1443,278
1444,25
1445,1
1446,503
1447,12,1627
1448,1057
1449,1253
1450,477
1451,83
1452,125
1453,896
1454,135
1455,679
1456,420
1457,4,1507
1458,1116
1459,56
1460,330
1461,271
1462,97
1463,1361
1464,541,1504
1465,1025
1466,30
1467,215
1468,23
1469,21
1470,61
1471,11
1472,340
1473,425
1474,327
1475,91
1476,1092
1477,137
1478,18
1479,24
1480,908
1481,74
1482,260
1483,205
1484,6
1485,677
1486,180
1487,423
1488,268
1489,1231
1490,27
1491,117
1492,67,1830,1958
1493,56
1494,642
1495,277
1496,52
1497,374
1498,1341,1815
1499,488
1500,1253
1501,96
1502,361
1503,145
1504,1464
1505,30
1506,661
1507,1457
1508,156
1509,8
1510,39,1803
1511,719
1512,888
1513,508
1514,389
1515,750
1516,308
1517,1307,1716,1808
1518,558
1519,1388
1520,1426
1521,551
1522,550
1523,855
1524,1269
1525,1367
1526,663,1797
1527,154
1528,775
1529,684
1530,56
1531,358
1532,290
1533,556
1534,14
1535,1228
1536,386
1537,714
1538,231
1539,93
1540,1099
1541,525
1542,25
1543,1294,1765,1769
1544,578
1545,986
1546,536
1547,63
1548,1049
1549,785
1550,947
1551,10
1552,29
1553,327
1554,400
1555,23,1557
1556,56
1557,1555
1558,556
1559,1328
1560,493
1561,338
1562,1106
1563,333
1564,1160
1565,1055,1792
1566,50
1567,491
1568,4
1569,91
1570,512
1571,396,1952
1572,246
1573,57,1658
1574,117
1575,77
1576,125,1698
1577,88
1578,1099
1579,622
1580,60
1581,81
1582,408
1583,74
1584,6
1585,168
1586,388
1587,817
1588,203
1589,771
1590,752
1591,1050
1592,119
1593,375
1594,111
1595,640
1596,4
1597,655
1598,1152
1599,158
1600,1110
1601,382
1602,506
1603,1331,1963
1604,584
1605,93
1606,993
1607,188
1608,1320
1609,1081,1616
1610,1092
1611,398
1612,94
1613,880
1614,152
1615,18,1975
1616,1609
1617,662
1618,608
1619,652
1620,225,1894
1621,269
1622,12
1623,1135,1708
1624,509
1625,1298
1626,96
1627,1447
1628,385
1629,1116
1630,14
1631,369
1632,84
1633,482
1634,23,1953
1635,404
1636,955
1637,35
1638,908
1639,94
1640,926
1641,1435
1642,475,1761
1643,21
1644,148,1679,1709
1645,399
1646,638
1647,618
1648,298
1649,159
1650,170
1651,948
1652,1195
1653,469
1654,1031
1655,27,1772
1656,107,1704
1657,260
1658,1573
1659,13
1660,166
1661,42
1662,965
1663,580
1664,958
1665,27,1667
1666,263
1667,1665
1668,1106
1669,148
1670,32
1671,75
1672,94
1673,521
1674,207
1675,534
1676,173
1677,1053
1678,1090
1679,1644
1680,1369
1681,1097
1682,428
1683,922
1684,10
1685,433
1686,1029
1687,20
1688,258
1689,61,1912
1690,2,1981
1691,447
1692,252
1693,363,1992
1694,812
1695,494,1898
1696,15
1697,376,1699
1698,1576
1699,1697
1700,218
1701,38
1702,1301
1703,1104
1704,1656
1705,46
1706,13
1707,917
1708,1623,1979
1709,1644,1861
1710,19
1711,924
1712,72
1713,24
1714,273
1715,0
1716,1517
1717,1095
1718,1387
1719,357
1720,22
1721,5
1722,288
1723,452
1724,29
1725,556
1726,564
1727,370
1728,3
1729,165
1730,1101
1731,1133,1985
1732,732
1733,61
1734,996
1735,1240
1736,892
1737,1044
1738,1393
1739,111
1740,506
1741,320
1742,756
1743,660
1744,99
1745,1030
1746,855
1747,1173,1841
1748,11
1749,1425
1750,1430
1751,37
1752,999
1753,92
1754,467
1755,23
1756,832
1757,248
1758,0
1759,1031
1760,643
1761,1642
1762,127
1763,531
1764,641
1765,1543
1766,434
1767,380
1768,185
1769,1543
1770,335
1771,602
1772,1655
1773,463
1774,541
1775,904
1776,14
1777,1171
1778,423
1779,39
1780,821
1781,225
1782,393
1783,383
1784,1108
1785,596
1786,43
1787,39
1788,1222
1789,1097
1790,516
1791,47
1792,1565
1793,97
1794,56
1795,20,1820
1796,1106
1797,1526
1798,891
1799,3
1800,1401
1801,956
1802,831
1803,1510
1804,1366
1805,804
1806,997,1931
1807,218
1808,1517
1809,1286
1810,94
1811,1123
1812,831
1813,922
1814,35
1815,1498
1816,1334
1817,324
1818,556
1819,81
1820,1795
1821,1007
1822,561
1823,738,1996
1824,188
1825,456
1826,904
1827,42
1828,345
1829,977
1830,1492
1831,118
1832,653
1833,1063
1834,10
1835,115
1836,487
1837,231
1838,22
1839,46
1840,41
1841,1747
1842,1365
1843,165
1844,674
1845,573,1956
1846,334
1847,201
1848,1041
1849,703
1850,189
1851,935
1852,145
1853,85
1854,311
1855,384
1856,86
1857,677
1858,367
1859,44
1860,299
1861,1709
1862,539,1889
1863,17
1864,1306
1865,58,1938
1866,325
1867,265
1868,1225
1869,10
1870,356
1871,6
1872,171
1873,1379
1874,812
1875,4
1876,895
1877,511
1878,859
1879,1246
1880,328
1881,674
1882,462,1922
1883,1152
1884,353
1885,90
1886,173
1887,40
1888,111
1889,1862
1890,316
1891,225
1892,99
1893,123
1894,1620
1895,1102
1896,33
1897,808
1898,1695
1899,1309
1900,225
1901,181
1902,310
1903,72
1904,15
1905,884
1906,201
1907,31
1908,1151
1909,121
1910,71
1911,1083
1912,1689
1913,169
1914,476
1915,315
1916,1343
1917,1207
1918,348
1919,598
1920,54
1921,698
1922,1882
1923,1063,1949
1924,42
1925,158
1926,201
1927,1260
1928,49,1997
1929,291
1930,192
1931,1806
1932,229
1933,835
1934,688
1935,18
1936,184
1937,37
1938,1865
1939,440
1940,331
1941,389
1942,67
1943,1237
1944,719
1945,65
1946,59
1947,149
1948,658
1949,1923
1950,1175
1951,1220
1952,1571
1953,1634
1954,3
1955,44
1956,1845
1957,1103
1958,1492
1959,3
1960,1120
1961,26
1962,610
1963,1603
1964,968
1965,905
1966,578,1968
1967,415
1968,1966
1969,475
1970,44
1971,1171
1972,1096
1973,1264
1974,1110
1975,1615
1976,1344
1977,141
1978,1193
1979,1708
1980,286
1981,1690
1982,237
1983,110
1984,560
1985,1731
1986,1105
1987,42
1988,91
1989,298
1990,808
1991,536
1992,1693
1993,24
1994,29
1995,584
1996,1823
1997,1928
1998,804
1999,224
